A	C	G	T
0.67	0.0	0.33	0.0
0.0	0.33	0.67	0.0
1.0	0.0	0.0	0.0
0.33	0.0	0.67	0.0
0.67	0.0	0.33	0.0
0.33	0.0	0.0	0.67
0.0	0.67	0.33	0.0
0.33	0.33	0.33	0.0
0.0	1.0	0.0	0.0
0.67	0.0	0.33	0.0
0.33	0.33	0.33	0.0
0.33	0.0	0.33	0.33
1.0	0.0	0.0	0.0
0.67	0.0	0.33	0.0
0.0	0.33	0.67	0.0
0.33	0.33	0.0	0.33
0.0	0.0	0.33	0.67
0.67	0.0	0.33	0.0
0.67	0.33	0.0	0.0
0.0	0.0	0.67	0.33
0.33	0.0	0.33	0.33
0.67	0.0	0.0	0.33
0.0	0.33	0.33	0.33
0.33	0.0	0.33	0.33
0.0	0.33	0.67	0.0
0.0	0.0	1.0	0.0
0.0	0.33	0.67	0.0
0.33	0.33	0.33	0.0
0.0	0.0	0.0	1.0
0.33	0.0	0.0	0.67
0.0	0.33	0.33	0.33
0.0	0.0	0.67	0.33
0.0	0.0	0.67	0.33
0.0	0.0	0.33	0.67
0.33	0.33	0.33	0.0
0.67	0.0	0.0	0.33
1.0	0.0	0.0	0.0
0.0	0.33	0.33	0.33
0.33	0.0	0.33	0.33
0.67	0.0	0.0	0.33
0.67	0.0	0.33	0.0
0.67	0.0	0.33	0.0
0.33	0.67	0.0	0.0
0.0	0.33	0.0	0.67
0.0	0.0	0.67	0.33
0.33	0.0	0.33	0.33
0.67	0.0	0.33	0.0
0.33	0.0	0.33	0.33
0.67	0.0	0.0	0.33
0.33	0.33	0.33	0.0
1.0	0.0	0.0	0.0
0.0	0.0	0.33	0.67
0.0	0.0	0.67	0.33
0.0	0.33	0.0	0.67
0.33	0.33	0.0	0.33
0.33	0.0	0.33	0.33
0.33	0.33	0.33	0.0
0.33	0.33	0.33	0.0
0.67	0.0	0.33	0.0
0.67	0.0	0.0	0.33
0.33	0.0	0.0	0.67
0.0	0.0	0.0	1.0
0.67	0.0	0.0	0.33
0.33	0.67	0.0	0.0
0.67	0.0	0.33	0.0
0.0	0.33	0.33	0.33
0.67	0.0	0.33	0.0
1.0	0.0	0.0	0.0
0.67	0.0	0.0	0.33
0.0	0.33	0.67	0.0
0.0	0.0	0.0	1.0
0.33	0.0	0.0	0.67
0.33	0.0	0.67	0.0
0.67	0.33	0.0	0.0
0.0	0.0	0.33	0.67
0.33	0.0	0.0	0.67
0.33	0.33	0.33	0.0
0.0	1.0	0.0	0.0
0.33	0.0	0.33	0.33
0.33	0.0	0.33	0.33
0.33	0.0	0.0	0.67
0.33	0.0	0.33	0.33
1.0	0.0	0.0	0.0
0.08	0.08	0.42	0.42
0.08	0.75	0.08	0.08
0.42	0.08	0.42	0.08
0.08	0.08	0.08	0.75
0.08	0.08	0.75	0.08
0.08	0.08	0.75	0.08
0.08	0.42	0.08	0.42
0.08	0.42	0.42	0.08
0.75	0.08	0.08	0.08
0.08	0.08	0.08	0.75
0.42	0.08	0.08	0.42
0.08	0.08	0.08	0.75
0.08	0.08	0.08	0.75
0.42	0.08	0.08	0.42
0.08	0.08	0.08	0.75
0.08	0.08	0.42	0.42
0.42	0.08	0.08	0.42
0.08	0.08	0.42	0.42
0.08	0.75	0.08	0.08
0.42	0.08	0.42	0.08
0.42	0.42	0.08	0.08
0.42	0.08	0.08	0.42
